 {
    "plus.google.com/u/0/wm/4/_/+1/messageproxy": { "whitelist_urls":["apis.google.com"], "english_name":"Google Plus"},
    
    "disqus.com/next/login": {"whitelist_urls": ["disqus.com"], "english_name":"Disqus"},
    "disqus.com/_ax/facebook/begin": {"whitelist_urls": ["disqus.com"], "english_name":"Disqus"},
    "disqus.com/_ax/google/begin": {"whitelist_urls": ["disqus.com"], "english_name":"Disqus"},
    "disqus.com/api/3.0/timelines/getUnreadCount.json": {"whitelist_urls": ["disqus.com"], "english_name":"Disqus"},

    "www.instapaper.com/j_ext": {"whitelist_urls": ["instapaper.com"], "english_name":"Instapaper"},
    "www.instapaper.com/j/": {"whitelist_urls": ["instapaper.com"], "english_name":"Instapaper"},
    "www.instapaper.com/bookmarklet/": {"whitelist_urls": ["instapaper.com"], "english_name":"Instapaper"},

    "getpocket.com/ext_save": {"whitelist_urls": ["getpocket.com"], "english_name": "Pocket"},

    "api.kinja.com/api/token": {"whitelist_urls": ["api.kinja.com"], "english_name": "Gawker Comments"},

    "www.facebook.com/ajax/connect/feedback.php": {"whitelist_urls": ["www.facebook.com"], "english_name": "Facebook"},

    "hootsuite.com/hootlet/compose": {"whitelist_urls": ["hootsuite.com"], "english_name": "Hootsuite"},
    "hootsuite.com/social-connect": {"whitelist_urls": ["hootsuite.com"], "english_name": "Hootsuite"},

    "api0.passwordbox.com/api": {"whitelist_urls": ["passwordbox.com", "psswrdbx.com"], "english_name": "Password Box"}
}
